Progress,Duration (in seconds),Finished,RecipientLastName,RecipientFirstName,RecipientEmail,ExternalReference,LocationLatitude,LocationLongitude,DistributionChannel,UserLanguage,Q155,B2-W,B2-WCon,Q40_4,Q17_4,Q39,Q38,Q37,Q18_4,Q36
Progress,Duration (in seconds),Finished,Recipient Last Name,Recipient First Name,Recipient Email,External Data Reference,Location Latitude,Location Longitude,Distribution Channel,User Language,I have read and agree to the CONSENT FORM,Block2-Withdraw Dummy,"Are you sure you would like to withdraw?


If you clicked withdraw by mistake you can return to the survey by pressing no.",How accurate were the dashboard's problem identifications?,How useful were the suggested improvements?,"Did you learn any new insights about misleading graphs from the dashboard? If yes, please elaborate.",How does this tool compare to your current methods for identifying or improving misleading graphs?,What additional features would make this tool more beneficial for the users?,How likely are you to use this tool in your professional work?,What types of projects or situations would you find this tool most useful for?
"{""ImportId"":""progress""}","{""ImportId"":""duration""}","{""ImportId"":""finished""}","{""ImportId"":""recipientLastName""}","{""ImportId"":""recipientFirstName""}","{""ImportId"":""recipientEmail""}","{""ImportId"":""externalDataReference""}","{""ImportId"":""locationLatitude""}","{""ImportId"":""locationLongitude""}","{""ImportId"":""distributionChannel""}","{""ImportId"":""userLanguage""}","{""ImportId"":""QID173""}","{""ImportId"":""QID40""}","{""ImportId"":""QID41""}","{""ImportId"":""QID242_4""}","{""ImportId"":""QID243_4""}","{""ImportId"":""QID241_TEXT""}","{""ImportId"":""QID240_TEXT""}","{""ImportId"":""QID239_TEXT""}","{""ImportId"":""QID244_4""}","{""ImportId"":""QID238_TEXT""}"
100,280,TRUE,,,,,40.7809,-73.9502,anonymous,EN,YES,,,9,8,,"The way it breaks down complex visualization principles into concrete, actionable advice would be perfect for training junior analysts who are still developing their critical eye.","In financial visualizations, we sometimes intentionally use non-zero baselines for certain types of analysis—the system needs to recognize these domain-specific conventions",8,I would use this primarily as a quality control tool before publishing visualizations to ensure they communicate data accurately
100,161,TRUE,,,,,38.8616,-77.2663,anonymous,EN,YES,,,8,9,N/A,It is a good starting point. Would be good if there are ways to prompt and regenerate the vizs.,Regenerate option; prompts to capture user intentions,9,Informing readers about potential issues
100,158,TRUE,,,,,30.4032,-97.753,anonymous,EN,YES,,,8,8,"No, bc I think I am already familiar with most problems in the misleading graphs","Useful and straightforward, saving me time to investigate issues carefully on my own, like an AI teammate.",There’s a trade-off between fixing misleading elements and maintaining the aesthetic identity of a visualization.,8,transforms the system from an analysis tool to a collaborative design assistant.
100,275,TRUE,,,,,34.0672,-118.3016,anonymous,EN,YES,,,9,8,The system caught issues I might have overlooked in my initial review.,The dialogue feature transforms this from a static analysis tool into something much more useful.,Some specialized scientific visualizations follow field-specific standards that might appear misleading to those outside the discipline.,8.5,corporate settings where business analysts create dashboards but may not have formal visualization training
100,319,TRUE,,,,,25.9092,-80.3927,anonymous,EN,YES,,,8.5,7,"I can see this being incredibly valuable in my data visualization courses—it provides immediate, specific feedback that helps students understand why certain practices are problematic rather than just telling them to avoid them.",Being able to ask follow-up questions about specific issues helped me understand exactly what needed to be fixed and why.,"While the corrected visualizations addressed the technical issues, they sometimes lost the distinctive stylistic elements that made the original visually appealing.",6.5,helping journalists identify misleading elements in charts they encounter while researching stories.
